ID,Title,Desc,Type,BodyPart,Equipment,Level,Rating,RatingDesc
1,"Partner plank band row","The partner plank band row is an abdominal exercise where two partners perform single-arm planks while pulling on the opposite ends of an exercise band. This technique can be done for time or reps in any ab-focused workout.",Strength,Abdominals,Bands,Intermediate,0,NULL
2,"Banded crunch isometric hold","The banded crunch isometric hold is an exercise targeting the abdominal muscles, particularly the rectus abdominis or "six-pack" muscles. The band adds resistance and continuous tension to this popular exercise.",Strength,Abdominals,Bands,Intermediate,NULL,NULL
3,"FYR Banded Plank Jack","The banded plank jack is a variation on the plank that involves moving the legs in and out for repetitions. Having a band around the thighs forces the lower body to work harder, particularly the hips and glutes. The plank jack is commonly performed as part of a bodyweight circuit, or as part of a dynamic warm-up.",Strength,Abdominals,Bands,Intermediate,NULL,NULL
4,"Banded crunch","The banded crunch is an exercise targeting the abdominal muscles, particularly the rectus abdominis or "six-pack" muscles. The band adds resistance and continuous tension to this popular exercise.",Strength,Abdominals,Bands,Intermediate,NULL,NULL
5,Crunch,"The crunch is a popular core exercise targeting the rectus abdominis, or "six-pack" muscles, as well as the obliques. It has been the centerpiece of many ab-focused workouts, due to both its simplicity and the intense burn and mind-muscle connection it produces. It can be performed for time or reps as part of the ab-focused portion of any workout.",Strength,Abdominals,Bands,Intermediate,NULL,NULL
6,"Decline band press sit-up","The decline band press sit-up is a weighted core exercise that works the rectus abdominis or "six pack" muscles, as well as the deep core muscles. It also taxes the muscles of the shoulders and upper back. Sit-up variations with added resistance are usually performed for moderate to high reps, such as 8-12 reps per set or more, as part of the core-focused portion of a workout.",Strength,Abdominals,Bands,Intermediate,NULL,NULL
7,"Partner plank band row","The partner plank band row is an abdominal exercise where two partners perform single-arm planks while pulling on the opposite ends of an exercise band. This technique can be done for time or reps in any ab-focused workout.",Strength,Abdominals,Bands,Intermediate,0,NULL
8,"Banded crunch isometric hold","The banded crunch isometric hold is an exercise targeting the abdominal muscles, particularly the rectus abdominis or "six-pack" muscles. The band adds resistance and continuous tension to this popular exercise.",Strength,Abdominals,Bands,Intermediate,NULL,NULL
9,"FYR Banded Plank Jack","The banded plank jack is a variation on the plank that involves moving the legs in and out for repetitions. Having a band around the thighs forces the lower body to work harder, particularly the hips and glutes. The plank jack is commonly performed as part of a bodyweight circuit, or as part of a dynamic warm-up.",Strength,Abdominals,Bands,Intermediate,NULL,NULL
10,"Banded crunch","The banded crunch is an exercise targeting the abdominal muscles, particularly the rectus abdominis or "six-pack" muscles. The band adds resistance and continuous tension to this popular exercise.",Strength,Abdominals,Bands,Intermediate,NULL,NULL
11,Crunch,"The crunch is a popular core exercise targeting the rectus abdominis, or "six-pack" muscles, as well as the obliques. It has been the centerpiece of many ab-focused workouts, due to both its simplicity and the intense burn and mind-muscle connection it produces. It can be performed for time or reps as part of the ab-focused portion of any workout.",Strength,Abdominals,Bands,Intermediate,NULL,NULL
12,"Decline band press sit-up","The decline band press sit-up is a weighted core exercise that works the rectus abdominis or "six pack" muscles, as well as the deep core muscles. It also taxes the muscles of the shoulders and upper back. Sit-up variations with added resistance are usually performed for moderate to high reps, such as 8-12 reps per set or more, as part of the core-focused portion of a workout.",Strength,Abdominals,Bands,Intermediate,NULL,NULL
13,"Partner plank band row","The partner plank band row is an abdominal exercise where two partners perform single-arm planks while pulling on the opposite ends of an exercise band. This technique can be done for time or reps in any ab-focused workout.",Strength,Abdominals,Bands,Intermediate,4.4,Great
14,"Banded crunch isometric hold","The banded crunch isometric hold is an exercise targeting the abdominal muscles, particularly the rectus abdominis or "six-pack" muscles. The band adds resistance and continuous tension to this popular exercise.",Strength,Abdominals,Bands,Intermediate,9.6,Poor
15,"FYR Banded Plank Jack","The banded plank jack is a variation on the plank that involves moving the legs in and out for repetitions. Having a band around the thighs forces the lower body to work harder, particularly the hips and glutes. The plank jack is commonly performed as part of a bodyweight circuit, or as part of a dynamic warm-up.",Strength,Abdominals,Bands,Intermediate,7.6,Poor
16,"Banded crunch","The banded crunch is an exercise targeting the abdominal muscles, particularly the rectus abdominis or "six-pack" muscles. The band adds resistance and continuous tension to this popular exercise.",Strength,Abdominals,Bands,Intermediate,6.4,Poor
17,Crunch,"The crunch is a popular core exercise targeting the rectus abdominis, or "six-pack" muscles, as well as the obliques. It has been the centerpiece of many ab-focused workouts, due to both its simplicity and the intense burn and mind-muscle connection it produces. It can be performed for time or reps as part of the ab-focused portion of any workout.",Strength,Abdominals,Bands,Intermediate,2.4,Poor
18,"Decline band press sit-up","The decline band press sit-up is a weighted core exercise that works the rectus abdominis or "six pack" muscles, as well as the deep core muscles. It also taxes the muscles of the shoulders and upper back. Sit-up variations with added resistance are usually performed for moderate to high reps, such as 8-12 reps per set or more, as part of the core-focused portion of a workout.",Strength,Abdominals,Bands,Intermediate,2.4,Average
19,"Partner plank band row","The partner plank band row is an abdominal exercise where two partners perform single-arm planks while pulling on the opposite ends of an exercise band. This technique can be done for time or reps in any ab-focused workout.",Strength,Abdominals,Bands,Intermediate,4.4,Great
20,"Banded crunch isometric hold","The banded crunch isometric hold is an exercise targeting the abdominal muscles, particularly the rectus abdominis or "six-pack" muscles. The band adds resistance and continuous tension to this popular exercise.",Strength,Abdominals,Bands,Intermediate,9.6,Poor
21,"FYR Banded Plank Jack","The banded plank jack is a variation on the plank that involves moving the legs in and out for repetitions. Having a band around the thighs forces the lower body to work harder, particularly the hips and glutes. The plank jack is commonly performed as part of a bodyweight circuit, or as part of a dynamic warm-up.",Strength,Abdominals,Bands,Intermediate,7.6,Poor
22,"Banded crunch","The banded crunch is an exercise targeting the abdominal muscles, particularly the rectus abdominis or "six-pack" muscles. The band adds resistance and continuous tension to this popular exercise.",Strength,Abdominals,Bands,Intermediate,6.4,Poor
23,Crunch,"The crunch is a popular core exercise targeting the rectus abdominis, or "six-pack" muscles, as well as the obliques. It has been the centerpiece of many ab-focused workouts, due to both its simplicity and the intense burn and mind-muscle connection it produces. It can be performed for time or reps as part of the ab-focused portion of any workout.",Strength,Abdominals,Bands,Intermediate,2.4,Poor
24,"Decline band press sit-up","The decline band press sit-up is a weighted core exercise that works the rectus abdominis or "six pack" muscles, as well as the deep core muscles. It also taxes the muscles of the shoulders and upper back. Sit-up variations with added resistance are usually performed for moderate to high reps, such as 8-12 reps per set or more, as part of the core-focused portion of a workout.",Strength,Abdominals,Bands,Intermediate,2.4,Average
25,"Partner plank band row","The partner plank band row is an abdominal exercise where two partners perform single-arm planks while pulling on the opposite ends of an exercise band. This technique can be done for time or reps in any ab-focused workout.",Strength,Abdominals,Bands,Intermediate,4.4,Great
26,"Banded crunch isometric hold","The banded crunch isometric hold is an exercise targeting the abdominal muscles, particularly the rectus abdominis or "six-pack" muscles. The band adds resistance and continuous tension to this popular exercise.",Strength,Abdominals,Bands,Intermediate,9.6,Poor
27,"FYR Banded Plank Jack","The banded plank jack is a variation on the plank that involves moving the legs in and out for repetitions. Having a band around the thighs forces the lower body to work harder, particularly the hips and glutes. The plank jack is commonly performed as part of a bodyweight circuit, or as part of a dynamic warm-up.",Strength,Abdominals,Bands,Intermediate,7.6,Poor
28,"Banded crunch","The banded crunch is an exercise targeting the abdominal muscles, particularly the rectus abdominis or "six-pack" muscles. The band adds resistance and continuous tension to this popular exercise.",Strength,Abdominals,Bands,Intermediate,6.4,Poor
29,Crunch,"The crunch is a popular core exercise targeting the rectus abdominis, or "six-pack" muscles, as well as the obliques. It has been the centerpiece of many ab-focused workouts, due to both its simplicity and the intense burn and mind-muscle connection it produces. It can be performed for time or reps as part of the ab-focused portion of any workout.",Strength,Abdominals,Bands,Intermediate,2.4,Poor
30,"Decline band press sit-up","The decline band press sit-up is a weighted core exercise that works the rectus abdominis or "six pack" muscles, as well as the deep core muscles. It also taxes the muscles of the shoulders and upper back. Sit-up variations with added resistance are usually performed for moderate to high reps, such as 8-12 reps per set or more, as part of the core-focused portion of a workout.",Strength,Abdominals,Bands,Intermediate,2.4,Average
31,"FYR2 Banded Frog Pump",NULL,Strength,Abdominals,Bands,Intermediate,1.5,Average
32,"Band low-to-high twist","The band low-to-high twist is a core exercise targeting the upper abdominals and the obliques. Take care to perform it with control, as rapid, uncontrolled twisting can injure the spine. It is usually performed for moderate to high reps, at least 8-15 per side, as part of the core-focused portion of a workout.",Strength,Abdominals,Bands,Intermediate,8.8,Great
33,"Barbell roll-out","The barbell roll-out is an abdominal exercise that utilizes a barbell in the place of an ab roller. It is best performed with a barbell that has rotating collars, and is considered more difficult than other ab roller variations. Many lifters may not be able to perform a single rep at first, but once they can perform these for reps, they'll be rewarded with a seriously strong core.",Strength,Abdominals,Barbell,Intermediate,6.4,Great
34,"Barbell Ab Rollout - On Knees","The barbell roll-out is an abdominal exercise that utilizes a barbell in the place of an ab roller. It is best performed with a barbell that has rotating collars, and is considered more difficult than other ab roller variations. Many lifters may not be able to perform a single rep at first, but once they can perform these for reps, they'll be rewarded with a seriously strong core.",Strength,Abdominals,Barbell,Intermediate,7.4,Poor
35,"Decline bar press sit-up","The decline bar press sit-up is a weighted core exercise targeting the abdominal muscles, particularly the lower abs. It also challenges the shoulders and upper back to move the weight. Weighted sit-up variations are usually performed for moderate to high reps, such as 8-12 reps per set or more, as part of the core-focused portion of a workout.",Strength,Abdominals,Barbell,Intermediate,1.2,Average
36,"Bench barbell roll-out","The bench barbell roll-out is a challenging exercise targeting the abdominals. It is similar to using an ab roller, but using a barbell allows for a wider grip. Placing the knees on a bench rather than the floor makes the move more difficult by increasing the challenge to the upper body.",Strength,Abdominals,Barbell,Beginner,9.7,Poor
37,"Barbell Side Bend",NULL,Strength,Abdominals,Barbell,Beginner,8.5,Great
38,"Seated bar twist","The seated bar twist is a core exercise meant to strengthen the obliques. It is often performed for high reps with relatively light weight, such as an empty barbell, a lightweight fixed-weight bar, or even a PVC pipe. It can be performed during a workout, at the end of a workout, or outside of the gym to build core strength and resiliency.",Strength,Abdominals,Barbell,Intermediate,2.9,Great
39,"Single-arm landmine pull and press","The single-arm landmine pull and press is an explosive rotational movement using a barbell anchored in a landmine device. It combines a pull off the floor with rotation and finishes with a press. It is usually performed for low reps per set with an emphasis on speed and form, not moving heavy weight.",Strength,Abdominals,Barbell,Intermediate,2.6,Poor
40,"Barbell Ab Roll Out - Gethin Variation","The barbell roll-out is an abdominal exercise that utilizes a barbell in the place of an ab roller. It is best performed with a barbell that has rotating collars, and is considered more difficult than other ab roller variations. Many lifters may not be able to perform a single rep at first, but once they can perform these for reps, they'll be rewarded with a seriously strong core.",Strength,Abdominals,Barbell,Intermediate,2.7,Great
41,"30 Barbell Floor Wiper","The barbell floor wiper is a core exercise in which the barbell is held in the locked-out position of a floor press, and the hips and legs are rotated side to side. It targets the oblique muscles of the lateral abdomen, but is also seriously challenging to the deep core and rectus abdominis or "six-pack" muscles.",Strength,Abdominals,Barbell,Intermediate,3.7,Poor
42,"30 Barbell Roll-Out","The barbell roll-out is an abdominal exercise that utilizes a barbell in the place of an ab roller. It is best performed with a barbell that has rotating collars, and is considered more difficult than other ab roller variations. Many lifters may not be able to perform a single rep at first, but once they can perform these for reps, they'll be rewarded with a seriously strong core.",Strength,Abdominals,Barbell,Intermediate,5.7,Average
43,"Decline plate sit-up","The decline plate sit-up is a weighted core exercise that works the rectus abdominis or "six pack" muscles, as well as the deep core muscles. Weighted sit-up variations are usually performed for moderate to high reps, such as 8-12 reps per set or more, as part of the core-focused portion of a workout.",Strength,Abdominals,Barbell,Intermediate,4.9,Poor
44,"KV Barbell Hip Thrust",NULL,Strength,Abdominals,Barbell,Intermediate,3.6,Average
45,"Advanced Kettlebell Windmill",NULL,Strength,Abdominals,Kettlebells,Beginner,6.5,Average
46,"Kettlebell Windmill","The single-kettlebell windmill is a dynamic kettlebell exercise emphasizing core strength and shoulder and hip mobility and stability. It is often used as a functional warm-up or for multi-directional strength work. It doesn't work as well in a metcon or conditioning setting, and shouldn't be performed under intense fatigue.",Strength,Abdominals,Kettlebells,Intermediate,2.3,Great
47,"Kettlebell Pass Between The Legs",NULL,Strength,Abdominals,Kettlebells,Beginner,3.6,Great
48,"Kettlebell 3-point leg extension","The kettlebell 3-point leg extension is a dynamic core exercise performed around and over a kettlebell or other short, stationary object. It is similar in some ways to a V-up or reverse crunch, but targets both the obliques and the rectus abdominis or "six-pack" muscles. It can be performed for reps or for time, usually in dedicated ab training or as part of a kettlebell and bodyweight circuit workout.",Strength,Abdominals,Kettlebells,Intermediate,4.3,Great
49,"Double Kettlebell Swing",NULL,Strength,Abdominals,Kettlebells,Intermediate,5.1,Poor
50,"Burpee over kettlebell","The burpee over kettlebell is a more advanced version of a popular conditioning exercise. If you're performing a circuit that already has both burpees and kettlebell movements, it's a simple way to provide a novel stimulus to the muscles of the lower body and create a more athletic style of training.",Strength,Abdominals,Kettlebells,Intermediate,8.1,Poor
51,"Kettlebell toe-touch","The kettlebell toe-touch is a more difficult version of a highly popular abdominal movement usually done for high reps. The simple addition of a weight makes the toe-touch far more difficult, providing a different stimulus to the core during training.",Strength,Abdominals,Kettlebells,Intermediate,2.8,Great
52,"Kettlebell swing","The kettlebell swing is a popular lower-body exercise emphasizing the hamstrings, glutes, and back muscles. It is often used to train explosive power, for aerobic or cardiovascular conditioning, in circuit training, or as an accessory movement for the deadlift.",Strength,Abdominals,Kettlebells,Intermediate,5.6,Poor
53,"Two-way swing","The two-way kettlebell swing is an exercise that alternates a chest-height kettlebell swing (sometimes called a "Russian" or "hardstyle" swing) with an overhead kettlebell swing (sometimes called an "American" swing). Both swing variations work many of the same muscles, such as the hamstrings, glutes, and core, but because the weight must travel farther in the overhead swing, it's slightly more metabolically demanding and works the upper back and shoulders more. This combo can be performed for time or reps and works especially well in circuit-style or full-body training. If you can't perform the overhead swing without lower back or shoulder pain, just perform the chest-height swing.",Strength,Abdominals,Kettlebells,Intermediate,6.3,Great
54,"Kettlebell crab reach","The kettlebell crab reach is a kettlebell pressing exercise in which the lifter presses a kettlebell overhead while in a modified single-arm bridge position. The simple addition of a weight makes the reach far more difficult, challenging the muscles of the back, shoulders, glutes, and core.",Strength,Abdominals,Kettlebells,Intermediate,1.4,Poor
55,"Taylor Single-Arm Kettlebell Swing",NULL,Strength,Abdominals,Kettlebells,Intermediate,6.5,Average
56,"Holman Kettlebell Up to Elbow Down",NULL,Strength,Abdominals,Kettlebells,Intermediate,2.5,Average
57,"FYR2 Double-Kettlebell Ski",NULL,Strength,Abdominals,Kettlebells,Intermediate,1.6,Great
58,"FYR2 Kettlebell Hike",NULL,Strength,Abdominals,Kettlebells,Intermediate,9.5,Poor
59,"FYR2 Kettlebell Cross-Body Catch",NULL,Strength,Abdominals,Kettlebells,Intermediate,9.7,Poor
60,"FYR2 Kettlebell Duck Walk",NULL,Strength,Abdominals,Kettlebells,Intermediate,8.3,Average
61,"FYR2 Kettlebell Get-Up Reach",NULL,Strength,Abdominals,Kettlebells,Intermediate,3.7,Average
62,"FYR2 Kettlebell Juggle",NULL,Strength,Abdominals,Kettlebells,Intermediate,1.9,Great
63,"FYR2 Squat-Clean-Alternating-Press Complex",NULL,Strength,Abdominals,Kettlebells,Intermediate,7.2,Average
64,"Dumbbell V-Sit Cross Jab","The dumbbell V-sit cross jab is a hybrid movement that trains the abdominal and shoulder muscles simultaneously. It can address multiple muscle groups in a time-efficient muscle-building or circuit-style workout, while also providing a cardiovascular challenge.",Strength,Abdominals,Dumbbell,Intermediate,5,Great
65,"Dumbbell spell caster","The dumbbell spell caster is an exercise that primarily targets the abdominal muscles such as the obliques. However, it also works shoulders, back, hips, and legs, and demands all of those muscles work together in a coordinated motion. It is usually performed with relatively light weights for moderate to high reps, at least 8-12 reps per side. Make sure to only use a weight you can control.",Strength,Abdominals,Dumbbell,Beginner,2.1,Average
66,"Dumbbell side bend","The dumbbell side bend is a popular exercise for targeting the oblique muscles of the abdomen. It is usually performed for relatively high reps, at least 8-12 reps per set or more. It can be performed one side at a time or alternating sides.",Strength,Abdominals,Dumbbell,Intermediate,5.5,Average
67,"Dumbbell crunch","The dumbbell crunch is a more difficult version of a highly popular abdominal movement. The simple addition of a weight makes the crunch far more difficult, providing a different stimulus to the core during training.",Strength,Abdominals,Dumbbell,Intermediate,1.3,Poor
68,"Dumbbell Fix Dumbbell Sprawl",NULL,Strength,Abdominals,Dumbbell,Intermediate,9.2,Average
69,"Dumbbell Fix Alternating Renegade Row",NULL,Strength,Abdominals,Dumbbell,Intermediate,3.3,Average
70,"Dumbbell Fix Dumbbell Mountain Climber",NULL,Strength,Abdominals,Dumbbell,Intermediate,7,Great
71,"Dumbbell Fix Dumbbell Russian Twist",NULL,Strength,Abdominals,Dumbbell,Intermediate,3.8,Average
72,"Dumbbell Fix Dumbbell Pull-Over",NULL,Strength,Abdominals,Dumbbell,Intermediate,5.7,Great
73,"Dumbbell Fix Dumbbell Sit-Up",NULL,Strength,Abdominals,Dumbbell,Intermediate,5.9,Average
74,"Dumbbell Fix Dumbbell Front Squat",NULL,Strength,Abdominals,Dumbbell,Intermediate,2.7,Average
75,"Dumbbell Fix Full Man Maker",NULL,Strength,Abdominals,Dumbbell,Intermediate,9.7,Great
76,"Dumbbell T-hold","The dumbbell T-hold is a static exercise that primarily targets the obliques, although it also works the shoulders and upper back. It involves holding a dumbbell in the air while in a side plank position. It is usually performed for timed holds, although it can be performed dynamically for reps as a plank with dumbbell rotation.",Strength,Abdominals,Dumbbell,Intermediate,8,Poor
77,"Dumbbell hollow-body floor press","The dumbbell hollow-body floor press combines upper-body strength and core work in one move.",Strength,Abdominals,Dumbbell,Intermediate,9.5,Great
78,"Dumbbell crusher","The dumbbell crusher is a dumbbell complex that combines a squat with a dumbbell curl, followed by a triceps press. It targets the legs, glutes, biceps, shoulders, and triceps in a single sequence, making it a great way to burn serious calories and hit a lot of muscles in a short period of time. The upper-body movements will determine the amount of weight you can effectively use.",Strength,Abdominals,Dumbbell,Intermediate,9.1,Great
79,"Dumbbell Crunch - Gethin Variation","The dumbbell crunch is a more difficult version of a highly popular abdominal movement. The simple addition of a weight makes the crunch far more difficult, providing a different stimulus to the core during training.",Strength,Abdominals,Dumbbell,Intermediate,6.4,Great
80,"Single-arm dumbbell crunch","The single-arm dumbbell crunch is a more difficult version of a highly popular abdominal movement. Adding a weight to one side makes the crunch far more difficult to your rectus abdominis or "six-pack" muscles, as well as the obliques and deep core muscles.",Strength,Abdominals,Dumbbell,Intermediate,9.3,Poor
81,"HM Alternating Dumbbell Plank Row",NULL,Strength,Abdominals,Dumbbell,Intermediate,1.8,Average
82,"Dumbbell straight-legged hip raise","The dumbbell straight-legged hip raise works the hips and glutes. It requires and teaches body control and coordination.",Strength,Abdominals,Dumbbell,Intermediate,2.8,Great
83,"Seated leg tuck with dumbbell","The seated leg tuck with dumbbell is an ab exercise requiring only a bench and a dumbbell. It's commonly performed for high reps as a burnout at the end of a core workout.",Strength,Abdominals,Dumbbell,Intermediate,1.4,Great
84,"Dumbbell V-sit cross jab-","The dumbbell V-sit cross jab is a hybrid movement that trains the abdominal and shoulder muscles simultaneously. It can address multiple muscle groups in a time-efficient muscle-building or circuit-style workout, while also providing a cardiovascular challenge.",Strength,Abdominals,Dumbbell,Intermediate,3.9,Poor
85,"30 Hanging Leg Raise With Dumbbell",NULL,Strength,Abdominals,Dumbbell,Intermediate,4.5,Great
86,"Dumbbell Get-Up Sit-Up",NULL,Strength,Abdominals,Dumbbell,Expert,3.4,Average
87,"Holman Right Side Plank with Left Triceps Press",NULL,Strength,Abdominals,Dumbbell,Intermediate,8.5,Poor
88,"Holman Left Side Plank with Right Triceps Press",NULL,Strength,Abdominals,Dumbbell,Intermediate,4.2,Average
89,"Holman Boat with Feet Push-Out and Overhead Press",NULL,Strength,Abdominals,Dumbbell,Intermediate,3.5,Average
90,"Holman Hovering Plank Row",NULL,Strength,Abdominals,Dumbbell,Intermediate,5.9,Poor
91,"Holman Weighted Seated Killer Abs to Russian Twist",NULL,Strength,Abdominals,Dumbbell,Intermediate,2.3,Great
92,"Holman Straight Plank Dumbbell Reach-Under",NULL,Strength,Abdominals,Dumbbell,Intermediate,8.2,Average
93,"Holman Straight-Arm Side Plank Overhead Press to Chest Press",NULL,Strength,Abdominals,Dumbbell,Intermediate,1.7,Average
94,"Holman Weighted Burpee to Pike",NULL,Strength,Abdominals,Dumbbell,Intermediate,9.9,Average
95,"Holman Straight-Legged Boat Chest Press",NULL,Strength,Abdominals,Dumbbell,Intermediate,8,Average
96,"Holman Weighted Burpee to Side Delt Raise",NULL,Strength,Abdominals,Dumbbell,Intermediate,2.8,Poor
97,"Holman Heavy Double Pike",NULL,Strength,Abdominals,Dumbbell,Intermediate,1,Poor
98,"Holman Heavy Double Split Pike",NULL,Strength,Abdominals,Dumbbell,Intermediate,8.3,Average
99,"MetaBurn Alternating Dumbbell Sit-Through",NULL,Strength,Abdominals,Dumbbell,Intermediate,7.4,Great
100,"MetaBurn Alternating Plank Row With Dumbbell Pull-Through",NULL,Strength,Abdominals,Dumbbell,Intermediate,7.6,Average
